국내주식,글로벌 선진국 DM,글로벌 신흥국 EM,국내 국채(초장기),글로벌 IG 크레딧,사모주식 PE/VC,실물 인프라,사모대출 PD
-0.03713206439514896,0.02545850077893739,-0.02499993836767013,0.057679230578782895,0.05310886082923275,0.05760193338563672,0.002020786918129111,0.1172836568986915
0.10803604086223285,0.032822228937870276,0.08119377827570615,0.05628367600533362,0.060739488753534854,0.09939644892608591,0.04476017186823561,0.08688389236731389
0.10513972417717597,0.14546736984441677,0.12313991523477212,0.04244250675837135,0.11959274275815404,0.17637646618330358,0.18919320202547002,0.23895922517035878
-0.0444244970053789,0.03856898564298482,0.051677751396596104,0.052412260353771736,0.07082495636097495,0.008555211168254126,0.0015120195838916328,0.015294457045015253
0.21983041843702375,0.07379023870718047,0.09772577971019,0.015709609785594575,0.043624080303344935,0.10985723683767917,0.03754093619687472,0.048346933633274414
0.04876120952608527,0.04508039526467725,0.08459588960844415,0.048808771387168645,0.04145942716477233,0.05805494027939357,0.0578011480365874,0.05187272650109029
0.1304328501478002,0.09698438875792897,0.13568115817538778,0.0727939877344792,0.08387342685990427,0.14990236920152622,0.09727674988624643,0.03021213619618101
0.05099918629782345,0.019692978339060044,0.07136805430404566,0.016433409027613154,0.03344063664662208,-0.027183976385455555,0.023282254658505988,0.014809301791816887
0.09707329887645465,0.037843597791473595,0.07491196690229376,0.006559485908360061,-0.0005411730942447152,0.06682123645750365,-0.005350055951772917,0.0042175740293162595
0.05033702084096904,0.0635192350138693,0.09138803492556155,-0.0037528003797709306,0.05230655980010666,0.05332422490524508,0.05135927091975605,0.12463777535271145
-0.024645107598697008,0.02475064578595218,-0.012330967382917404,0.06701285115154171,0.049882397132164996,0.01181846071448231,-0.009122755025622126,0.012339895752662672
0.10091524872789272,0.05437709773468901,0.12167183451654365,0.034088957749666735,0.04749899332783349,0.014762970875896834,0.09970129995893837,0.027324442746878272
0.21641248068451008,0.12178112827484305,0.15000916015852134,0.014761786671565635,0.08460094761921867,0.14482213779988956,0.09701038952447369,0.1525499733724361
-0.08203332500995861,-0.0388214796972686,-0.025931717199027426,0.017116002047433083,0.002919961230829028,-0.10565715772091325,-0.04920502806381759,-0.10553566506365257
0.1023299439829906,0.009097433432782333,0.09462280455122224,0.03641606828172276,0.007650414795531489,0.03550915193840905,0.036457218279560166,0.0002466069209977467
-0.06989462654706965,-0.030993870470852468,0.024473703112960377,0.011056843875878627,-0.003956340688752731,-0.015871457008085676,-0.015088954214011768,0.015644813080175776
0.12690044041068715,0.09937498517588175,0.07333000414568253,0.04991996710168553,0.0803988419185056,0.09467821203859869,0.04282600419810044,0.15075775530799923
0.2701616220596099,0.15304856171500766,0.17663823606176532,0.022371855235825792,0.053672251302377585,0.16263326428248287,0.17748818245443332,0.23188255820793802
0.18702864918470297,0.0932270403306184,0.11064884366954217,0.01863012572959967,0.04253923970051639,0.1033326931242145,0.11967888583805177,0.10291521854334024
0.02713087951594393,0.008975999508304015,0.010243649340624314,0.03699852177509548,0.028109496407575672,-0.0017571267792284573,0.07494626935613449,0.02437419208637584
0.03605688766207958,0.05589124894891049,0.04946080586642382,0.05816498682325402,0.03751817861665393,0.08918548496645118,0.050918355546130924,0.027818261371509972
0.1364507848599928,0.13231717623930395,0.11813852040144945,0.035545417332853574,0.08142199344088863,0.12370732133094903,0.12876896216502254,0.18595590238089788
0.3319500906075285,0.07841728387669905,0.18030738230639348,0.04229153821466418,0.006649302055894313,0.09292438000064353,0.02855682004243746,0.05768014485732705
0.20034278000078126,0.07031001700044151,0.14023016822276962,0.016592528939504567,0.045485996663045036,0.05857857931865549,0.08110051620176878,0.0758522116914691
0.11045575577611093,0.05597754706804571,0.1366313968797501,0.023447965567651777,0.03793705740614797,0.07491455736638925,0.06507883008997498,0.0978159769865552
0.10185548834752235,0.07288285901317519,0.15105770830022736,0.006093509804369374,0.05287160128496563,0.10166306404489825,0.10379757322744178,0.12401182623392766
-0.03162204499083185,0.02588311441825887,0.05473167133084826,0.031403174868226476,0.06395005400630979,-0.03588254473638966,0.04488846622995395,8.676308898500351e-05
0.20199325672119545,0.07572397874330469,0.12006232428116412,0.038063942603528744,0.0597424596524003,0.12677786679635622,0.0894644987204519,0.07730933304703833
0.04158735439547877,0.0355222925936428,0.11151727307245735,0.015436896089052972,-0.005929704991318993,0.1058111401141896,0.050126450316366325,0.10518090735528954
0.03907190525223083,0.010804669660148689,0.014296831876676283,0.023990103212187145,0.030489756198134703,-0.03529195675502851,-0.028081915352501013,-0.03304462672984307
0.025637020131360495,0.0234086349062435,0.07238792893652213,0.011764266761738577,0.02033418061628347,-0.00046075195643190126,0.015971617348199046,0.028224299479479173
0.06098857606942493,0.02186571841804731,-0.004477894075542263,0.02870105004819241,0.01668719766077007,0.0660568984171006,0.033212110280492535,0.0854053682007591
-0.024823511270041454,0.01709140832479459,0.02997233613585093,0.01011639856342033,0.0330278828717339,0.052410688469244945,0.05868292137434369,0.03042750229814689
0.008583064814692246,0.09675907594281222,0.09307069470545554,0.06476769088423014,0.09906841829028362,0.14128566545529478,0.10810374699614972,0.08903400207867704
0.13233656016908316,0.12221776150681266,0.10326369083969344,0.02414886407235448,0.06708183197205753,0.15891361037667434,0.06946433439985282,0.12103482686331504
0.15058299310343928,0.014270790718360522,0.07024166259427211,-0.008236307646971933,0.0005716055908955506,0.04665651369212287,0.05259221898946201,0.09917500810828817
0.09654829380517747,0.060848149145597975,0.0987748131918815,0.02694554840308263,0.03753524073534763,0.1212902727388446,0.033333725190682936,0.13945234144800808
0.07504416102243407,0.122207740676885,0.16654417558787915,-0.001931180639934242,0.06268641568348032,0.13545968763969207,0.15670065050899634,0.26307473427511385
0.04618724227308483,0.03149725143498807,0.05392885177511188,0.02912796206695236,0.03896954369236761,0.08331088235791251,0.0888657643288456,0.11960875158413355
-0.03087834109565804,-0.005957312636870396,0.045726806056069984,0.014135455679940966,0.04402728225169718,-0.02537849600755851,0.009198467671535274,0.00039484664246611234
0.08563592314534983,0.10484200972432939,0.1259717209854107,0.02392710547654649,0.0401935764791665,0.14869633159024076,0.06884799966731614,0.12232430866252123
0.0038857535911900054,-0.020116608310434096,0.005471614677412737,0.03702670252384818,-0.0013949373489731895,-0.031045893637233632,0.019111897510664624,-0.02557894048492189
0.013783582451213278,0.035037141775567944,0.08088538111056712,0.09160783956413304,0.05981752680059998,0.0438274229359555,0.027103616643902498,0.019422739815145244
0.14579581094946886,0.09319861748532163,0.17623770054205268,0.03386573554843251,0.08403078343738368,0.14733303672671988,0.09000295493516344,0.09555721684452223
0.1856796707254622,0.09089185160726393,0.15543865132975937,0.024921032644112315,0.053498081725247386,0.08189348221285643,0.10882246196160011,0.15907796321876133
0.07027743234945356,0.07702204730300996,0.09464056941915064,0.06249179402979095,0.07416736484002279,0.15365693200634956,0.06405216368371222,0.05690369910630576
-0.03413949268034468,0.008490153880563442,0.03229455192393843,0.023465820195839426,0.04931062362980857,-0.010597127534321418,0.05068818759277082,0.06483225977387626
0.17780968507274744,0.06408515082104102,0.16331965547730964,0.05278325103850574,0.05657574420166059,0.12119078301791104,0.08101347172383153,0.09419400080164803
0.07866392108585978,0.02956261974219724,0.07793541244337085,0.02982732606181284,0.08395109801174105,-0.019509287686877,0.0645533398751916,-0.00024913964253106546
0.17428270610125823,0.04683043003970029,0.06007954339618757,0.012956635613995963,-0.011086591563966929,0.06477728497169492,0.042464822328998356,0.05889208643428378
-0.10876808253115317,0.07126490371751691,0.05166326805851948,0.06152030995115672,0.05294649760345744,0.11167897033734704,0.09828637308829039,0.10686133907083167
0.036185449580167214,0.04654330809373282,0.10508374497699571,0.028547860414988406,0.024057872894809092,0.08130726341400707,0.06632654948585259,0.11395112636112266
0.08297268755382177,0.03856616182999823,0.0905149304661417,0.05476026574816066,0.057238490472976244,0.004632572810965643,0.03682208225532921,0.07179716056833481
0.08815794249113985,-0.0036960449916284485,0.025504691134665115,0.049446534901766814,0.05570221304382891,0.025126419092740188,-0.02946297005663634,0.03054624154872159
0.06986153946670182,0.026871755073914545,0.04406149529529005,0.07123814626159505,0.04674529026529267,0.03488470068636888,0.04072039861928532,-0.03781272083024324
0.09242892716372932,0.03343126152484694,0.031002824585170466,0.01649406106863948,0.0031983259820937485,0.049180307556143166,0.024624064002221016,-0.04693748650860202
-0.03643332356592335,0.036926363980448504,0.08517503645040764,0.01235152383991251,0.07921534529741661,0.03751771650413452,0.09634797121319963,0.10316604256496101
0.2165541543164181,0.07434880402749255,0.1343306586382289,0.0544322342872492,0.0531528715813559,0.05376337267012243,0.03403583065418727,-0.008032557962555406
0.020312509025466906,0.03856312004600684,0.09695122882595861,0.014458336409212253,0.01206202232933034,0.006696195716339233,0.06679843937089988,0.03434335451798861
0.05122828148716248,0.004498457820172129,0.03189526222822234,0.014098671146947718,0.01587364151835082,0.003895182366492028,-0.020230502388395855,0.024627325352189
0.07625827045126472,0.04020709861452044,0.0911576639419432,0.05593688546156719,0.03303395314783933,0.06218352360857593,0.07408620055022819,0.12385589585388813
0.18026085872011866,0.08739308047909891,0.13094538492813962,0.04614176139786331,0.040684620963801196,0.09684835838619305,0.06321933867366308,0.036725925628079664
0.06366246127023026,0.1270659855291084,0.11117433766203949,0.023416634306293142,0.019476329205594063,0.2232014234714243,0.08069895990421655,0.16188546179062674
0.10509376228702952,0.07037838273963498,0.07316861148823786,0.041117855222244135,0.03730807896292535,0.04004653271949194,0.1170128614294344,0.1247327709080851
0.1019417048901463,0.09228510803012221,0.1285152879191569,0.05326975187361503,0.09961908747267936,0.11934452291277386,0.10071809860906271,0.15183086548504654
0.10441984877298688,0.05825918611378654,0.12167207111940484,0.0324319717573283,0.03805449681160638,0.09039873178096325,0.0838396755978193,0.07763714624056747
-0.04233789246954907,0.06128535314727245,0.07727153384382034,0.0608160314854753,0.1031508613578436,0.033287419696853095,0.05908261649449979,0.037569009981286386
0.008295129528041345,0.06429061899256774,0.06706071671302828,0.04133264746926325,0.055909375260469976,0.05211768528176474,0.07045881990887368,0.061533799232720295
0.10353764859283496,0.08248396894513839,0.10211307659522884,0.026005884426689906,0.04938268868400252,0.06929527030432461,0.10986310353490611,0.14963444281754534
0.17413433563869468,0.06317576341646025,0.10358331559238386,0.051810348628725175,0.04052524192011435,0.07823000038680289,0.09792858388691231,0.031257382724382506
0.08433843185070697,0.09951436277202041,0.11191038791021499,0.038849060870838927,0.07202826622669284,0.07005532842461876,0.12851125108040584,0.10199121060119845
0.06892912811047465,0.031445160735521754,0.09300134222350748,-0.0012262410665956763,0.028596610727613558,-0.014415716470399909,0.040333601781918284,0.008482366809431957
0.09341770540180493,0.08516705773637782,0.09203343653201349,0.025608991342805552,0.06268526133698114,0.06987381822638214,0.09287766673022338,0.1388916375804078
0.0021722702848260694,0.03019746947032991,0.11798642183069677,0.0021912974022591375,0.07262783143124185,-0.0016342902228746181,0.10065570551448552,0.23368516081160368
-0.05258707788911683,0.024175495045859273,0.05129867110915186,0.029803041501468782,0.08170440716243206,0.05386559035898871,0.008374302104021923,0.09803451266495854
-0.05916135432363058,-0.0222350789079026,0.044234593826530014,0.011973377653875635,-0.012708789105609027,-0.03429378824430945,-0.013479121627398005,-0.011906823445435422
0.05135369573047607,0.09464397093162366,0.09408460776798921,0.03746596043252624,0.0922812922190081,0.09611573899497658,0.05611627671178027,0.16519182385100084
0.04410359775294391,0.02889228896109996,0.07512007500566253,0.04220994728594704,0.052992381553686047,0.012249058422943132,0.07226830850340817,0.03235297052774313
0.14593676663392868,0.07464084357560885,0.10809514878939464,0.03008166191758581,0.053060898798287445,0.11097616130151414,0.07606344116621064,0.07234499068821375
0.10172005624399934,0.11128207888732164,0.13975296548932672,0.03270438987748101,0.06269775209878091,0.13128295824089742,0.1574565611817971,0.1551973324196969
-0.008359814425290768,0.07427330919817766,0.09926164622917454,0.05445305795656261,0.11406656042687618,0.08273654042055462,0.0728454522027113,0.1258456450201837
0.062219427692026055,0.1071955876684561,0.1162617992281347,0.06311685188237111,0.07261992467440354,0.2022892991224855,0.1435668367010379,0.19123455364921005
0.06153415110108908,0.0675882710527895,0.11029233230983862,0.012483074742750275,0.06477730020343297,0.03455995679993716,0.02606491996367946,0.040714123753310696
0.025121598826362918,0.10174859325422192,0.10968341180248306,0.040774842030905666,0.11095048279249425,0.15622027967545896,0.09960386459298502,0.21094704234899891
-0.052342091549649,0.057739138925439255,0.06999222168459049,0.03596691755823578,0.06888141268520043,0.08506066078678702,0.1062575809170822,0.1313817381312474
0.12896618722638892,0.1382433826098759,0.14793010234721388,0.04225236290786347,0.08047724402367057,0.20033585556822076,0.13445027211483948,0.1972712284671566
0.13985817742755996,0.08809710441632786,0.1663140969898162,0.020312341229058593,0.03994482857694696,0.10444974488117828,0.0866843751459632,0.08676766201807071
0.010839667552099114,0.05504120465765284,0.03269611645405273,0.050490860444013366,0.06964045635746458,0.0939048366715622,0.08482819416073709,0.06252976243008859
0.14317134776467028,0.11077127721542199,0.12839442558110992,0.04291998428326307,0.053298647860151135,0.17427865893688685,0.10429210856106483,0.21763284813642247
0.006268118764157234,0.039152319395351264,0.08625438959015304,0.025935910251392753,0.006802113055793958,0.05136731565748718,0.05540907212091964,0.1180822976275918
-0.05617654149721214,0.027945780145643563,0.09060975204368935,0.025276270943083698,0.03739222242412925,0.015428697813003996,0.04335457854321423,0.07566002259830754
0.11856595624746666,0.11078286538400187,0.0843313562865069,0.032528184822515044,0.06358673351432531,0.1667460899978987,0.15745960160627787,0.2163658262544343
0.022696608707612483,0.08534333717983286,0.07641481274688193,0.03826217901877743,0.11937573900174053,0.09797701707511466,0.09305630089373737,0.14467563049500037
-0.04039988278033452,0.034618326719884004,0.03833928076665401,0.055778050520312206,0.07280556238621057,0.08259064179077735,0.07011533287087182,0.009723874290761811
0.11955987990102188,0.0815034414963454,0.06800134018264578,0.0453579523080188,0.0034360219152551677,0.131826345976812,0.0736985689877509,0.05917910008657641
0.1415083659149226,0.026033569407242614,0.10657456036761742,0.0341153299174902,0.03232170488821555,-0.0002249175236498785,0.08384979587820138,0.03241144058486953
0.037404734549555015,0.04617729805600428,0.12577503809141782,0.051600620307836395,0.058485571454430785,0.025662440104167822,0.08888511204342686,0.02839844130774316
0.11766659483453769,0.07471040241302487,0.12372640659440351,0.02106612147875036,0.07478373083117636,0.05681905547904738,0.11711406344101949,0.13777905832337647
0.04444558581936571,0.02627998617916373,0.040941393765446595,0.033389723889608175,0.04286368081903442,0.060679524848944115,0.02072748404502754,0.010475444790688113
0.18749568671208994,0.08121289701884309,0.13694915252483994,0.046566286667020784,0.09856663928699205,0.09798787328987596,0.08502703934361565,0.12598520859873022
0.2430001468607452,0.10041902989684393,0.10330487318203302,0.04278252605867822,0.034761739749577074,0.13487197142737334,0.07529450337451107,0.10422272982428232
0.08555537310767145,0.05823832951865731,0.0864415679696228,-0.017404732223157644,0.010218342644743472,0.02815531690791577,0.08954856257064941,0.10193325716622163
0.17854364865469435,0.04380952093956744,0.08503068032372499,0.02980656081732791,0.014005575320123004,0.0710072678068456,0.04769643477188974,0.12094381655813335
0.04183728382759235,0.09509133726392896,0.0723176833497389,0.029299238397954907,0.059604666406314566,0.08203803237895604,0.09113249487776928,0.15390509824431636
0.038682319453175795,0.07296878056846867,0.08502278373330649,0.03140800901775057,0.05799931530701599,0.11082072597510524,0.03961359319846777,0.0808846872340283
0.10178288604054574,0.05709822158563717,0.04294080852597977,0.03782664148463788,0.02830757846336366,0.07894249754817313,0.0572621062721493,0.11755350652491457
0.0005193529654107312,0.11332067394242057,0.09621712144065253,0.037382590686009326,0.12428827616024452,0.1281562961885025,0.07939751800873565,0.1467070693895855
0.08185407733256347,0.10416396309803266,0.0757842772172799,0.03107198392241969,0.08493882383358467,0.13734982492306347,0.11727883680031337,0.16748500104964092
-0.009532492683500468,0.01594768637985597,0.029624612220972707,0.02011702164475864,0.03946120683302201,0.016557354942993797,0.007896395536560637,0.06816436275598783
0.04372033010431097,0.039978447978424106,0.09947590190206376,0.051692849642641134,0.051351164903072025,0.05245891100935858,0.02969373233395982,0.07564885901332971
0.061752348531304374,0.03621613079158725,0.13969290230769088,0.07012185541041122,0.07205472700308985,0.027743310729287665,0.02540347199220802,0.014704762725268702
0.08096221832979912,0.10423686817352518,0.08243493077128644,0.026660744415275335,0.09977480971299557,0.1642873321284386,0.1216693989420003,0.2297571855514251
0.23360037749682894,0.08057402637963186,0.12219116961233617,0.046994139264850306,0.07045968819017555,0.07516666618819294,0.14663798081215362,0.1000366172824157
0.0197710578874849,0.021121581124771277,0.04854177122455078,0.024401654859702627,0.07099863402785908,-0.016384893852954774,0.07325916083538012,-0.048178441827083654
0.009542164825194675,0.03533046221950919,0.056577672841609764,-0.013229380291526885,-0.0006180352489048649,0.032794557838232596,0.05439329447807772,0.06315108296131872
0.17114796564467052,0.0665972439694552,0.17586553978833336,0.03165336031805602,0.08673780847800956,0.05761617931237773,0.07328775277525473,0.06479132040904864
-0.005115390376721429,0.05030862639574627,0.11173758902209063,0.02401700740444953,0.040250813492341754,0.09375355224749463,0.057618714798501704,0.053130610572051276
-0.005934783902818208,0.03115506482965627,0.07385918341971784,0.029073362865200195,-0.0125703469652887,0.07241246766318163,0.04397267888055127,0.08845334755355604
0.018289144092129027,-0.011906457248884846,0.08579704571856941,0.04027660250217879,0.05518140923512418,-0.012213823567587268,-0.004753419124194122,-0.025208386806602548
-0.010348028023197314,0.0326693244027465,0.09647408699421564,0.02459122580469559,0.06530078418973365,0.028691358217249587,0.06868383549074808,0.0892383633515984
0.1958559050649733,0.10530924179488294,0.20976782268607053,0.03821753874026473,0.08589217380560898,0.10163450040528937,0.16268529027883935,0.19641791589508867
-0.021771080755507904,0.06646759064944355,0.058412841557569324,0.00539574043479062,0.04174995341725885,0.05766221333643736,0.05274239908167061,0.16093289463305638
0.09323219620806117,0.04287540227437053,0.07186249862150715,0.022336005592217677,0.0076993790849009675,0.08627266352930446,0.06966759603018885,0.06169515850321829
0.08533954068762901,0.06348526866865764,0.07133101419691698,0.07011972577234896,0.06538943564924153,0.06405694024768976,0.06033998431805115,-0.010866671979716885
0.09932868153245569,0.10060797001578697,0.12999438245708794,0.05926000194685574,0.08653787698015208,0.1266391171272695,0.14585691812559828,0.19304028437215331
-0.01605407284156654,-0.002215858724355327,0.02701123989052725,0.05238205217490107,0.040042124910695996,-0.05238310983790137,0.012110911564235091,-0.04613297289364007
0.06888986233782106,0.04327493227356053,0.05322653785998157,0.0518138679478748,0.03782729023435928,0.01951358611707702,0.006271133079197952,-0.008851813730363658
0.16468152470165276,0.0890080566365174,0.16481971334427375,0.06704755386839734,0.0293023286860514,0.10822326322975359,0.0511898488484889,0.07616000167074002
-0.0423613927539601,0.036897257826780466,0.051784542619034105,0.07156610900277201,0.09420912202897144,0.06939945638756467,0.05434918560607278,0.077136777993257
0.01841619965955356,-0.03777473086823812,0.03121372667386,0.03165585367984314,0.04201626151610741,-0.09015494441438537,-0.02228755814311817,-0.00844355148797718
0.08384229450522468,-0.0034052097582291455,0.05243048088626477,0.027651622601614655,0.039726636626740086,-0.03411768091918432,0.0029699677490740706,-0.03129404621065021
0.07998807963180095,0.03719861845071427,0.11294407948132809,0.057964075663017665,0.06865035648053373,0.03733943957000964,0.03269445219053088,-0.026641829001214742
0.057623919498094575,0.072178066942027,0.05695869040906956,0.04029030035506316,0.0225225020144994,0.11978432087655733,0.040632764262020234,0.04486096978326749
0.022512352362941898,0.05951720983216568,0.03195765534883686,0.041479881891377114,0.0466694875010524,0.037213507986274014,0.08935636850272496,0.0832442689500199
0.02915489896180276,0.03979617968111494,0.07147952875759891,0.014735747723210499,0.045399249965955533,0.06250436421675115,0.04020219493313722,0.0905927989751823
-0.11528773210077997,-0.013427339235696521,0.05797608034988752,0.004519122014525978,0.011452006367795468,-0.0018996709022273683,0.06580162738986098,0.07955619522615899
-0.06141762317404453,0.0631608492068849,0.04617080331904345,0.04441910356097353,0.07217374303918916,0.026957772172965633,0.08534872259035081,0.12019192409221335
0.08194515906810725,0.08108845607245835,0.0820694989948375,0.012251459496507983,0.04587453529516437,0.08486910089079111,0.08159178419872104,0.11582113367814564
-0.012087350216413106,-0.010525633242352915,0.02441856064866174,-0.003193974071157686,0.03880952279055794,-0.07267007980684273,0.017007430720560004,-0.06646501598941375
0.03501391589202152,0.05990472960657162,0.06882701511356423,0.014084401700552956,0.04934950773284249,0.058957170219843556,0.03586936506078775,0.11680977091709688
-0.05179818045377052,0.03194842348220357,0.024669867853747154,0.007763708363948643,0.039551302014446024,0.03837453206793122,0.049460479094476026,0.10488805600601481
0.06934694739187341,-0.009261121793581038,0.098814178608392,0.06373575996078626,0.050812338548422646,-0.037760987776011265,0.03868295583101458,0.013125533142010287
0.0765729155543185,0.033586730506731284,0.08819562631879933,0.033763815112200855,0.02770562733511125,0.049965638198198485,0.07326922737834024,0.07187383159697251
0.07306832590177816,-0.0003391454913416192,0.027776117522531327,0.03930295810787265,0.05854764953872848,-0.039737039444496594,0.015069643000641564,-0.01909054502669162
-0.11864501651110618,0.05917903499917217,0.03228040969704672,-0.0003638929958611481,0.041151211374609434,0.042240189581694475,0.08771310277475655,0.15905592315278094
-0.06748354541435808,0.021773223142410418,0.0007739688467985478,0.08141844886758082,0.04750053126997916,0.08338333713384433,0.03691511583751426,0.007419667244616637
0.0580788236480452,0.09647584306769375,0.09312733925712649,0.03081610938365888,0.0740642459534746,0.1750641175573472,0.127844920343435,0.14576584264077141
0.04159272332658134,0.1055607375250224,0.15070127067111844,0.04596707896791471,0.07104135473129825,0.1523940023128999,0.09338679750650095,0.21168950168768436
0.2818565988543411,0.12822814187416076,0.14545157498444655,0.019520624369232263,0.02347732219145099,0.18492293097774576,0.12168449825684001,0.17774914264025538
0.07092858849010392,0.10143893913460722,0.1285702289718973,0.021395147489504864,0.02793326683281442,0.12979449799001525,0.04940654826313462,0.07617408766985756
0.21560320312646064,0.06531959975611268,0.09664398468707405,0.0379765734612925,0.05854074811550644,0.08476634659941326,0.01873689419687051,0.03832155535570614
-0.015547422581674894,0.034775056847703656,0.04038628218182366,0.014654277638555622,0.06426576595875443,-0.0018492406534685868,0.01459131848836391,0.01624880424502885
0.11497518196653854,0.05986322149023205,0.08898253755418968,0.02887290493133428,0.055977787985749095,0.15082268205467614,0.1188446043695209,0.13257614637799459
0.12092130146745803,0.05410215360813976,0.053231669066375234,0.04869119173816896,0.05259076786410831,0.07578103922729343,0.05478252584738797,0.09098117054629304
-0.04852513386951279,0.01588244531816533,0.05937447336836598,0.021949760208248563,0.04613426495375874,0.023476446131275988,0.07042064857950603,0.1057730821914403
0.021152904142700907,0.02924499369113001,0.04669441888421687,0.027133532180863208,-0.01684573165758737,0.05842593020490246,0.01578399113346725,0.08729844366746703
0.0507215390742483,0.07589794115046863,0.10320587863861533,0.03981148088966079,0.06261315115457797,0.060776205234457994,0.13260147433208,0.13602394581180569
0.04930849712764111,0.012221628550223698,0.08379834182153373,0.02824486591611273,-0.001753723438629333,0.026397311394281683,0.027637040846509406,0.020371656015090472
-0.0741004263132651,0.034455786253387556,0.005749508592990657,0.06169661091710267,0.07460226217110348,0.09865637714166257,0.052350801940078864,0.12612685470128504
0.22393951252668143,0.09047674060362867,0.17583463734502114,0.06326335506519903,0.0633523867507591,0.16392497846219423,0.08071929752691315,0.08842199279752824
0.19519718519961576,0.11413113503058145,0.1516608172918042,0.04241043054053882,0.07765874058283459,0.15689096559048604,0.10223040185746446,0.1639289945050581
0.14472033602245082,0.10345068074895572,0.14696661769497282,0.01394474074726406,0.07468204674776166,0.09667079051030095,0.11583452795205493,0.08441904116049412
0.12050315615797927,0.07307683866766201,0.09955206908057866,0.008298525753110395,0.09291383548102441,0.08066481725077317,0.1259672691474988,0.1705591087174082
0.05739591554617127,0.04197438348938522,0.08274770093064558,0.026517691129340527,2.1551799431106244e-05,0.021054776654634497,0.06231004288631226,0.024220321450052013
0.0600323495367278,-0.046804116694928656,0.024816057017690192,0.003924001900411235,0.004193716359468018,-0.10374380692293367,-0.09476709008596004,-0.15530751634791123
-0.07010289578955864,0.04034050540857736,0.07309273367187322,0.04005450337533312,0.06869845876355932,0.053590653849067915,0.12919064600318758,0.09617944511800564
0.20420928533849714,0.07439203869052291,0.0792839343394398,0.02213214655881483,0.05433051459358977,0.0595066598886917,0.07543441572912629,0.11681333305671325
-0.05663697468380463,0.0626549356014815,0.028332369973224608,0.038843693876411844,0.08805404359175073,0.061834535383383904,0.10237412381002951,0.10403102432024529
0.037341921376430005,0.05837111861190552,0.07858254322870131,0.020047071404105263,0.016548176024562627,0.11783558411500757,0.05419066562270779,0.09119369692311374
0.19825634814938498,0.04620738425369692,0.10718977225185466,0.054447242569797695,0.03138381201425888,0.03787100613308056,0.09296452206386023,0.0414942857934596
0.10830128963314467,0.11685473132889768,0.12861730386004266,0.10190320323400587,0.11264159090180664,0.2179431448756809,0.12396241088589618,0.1250829179446841
0.11663807853080628,0.07627195216936336,0.09747735484190316,0.04062189697244237,0.048935527989645164,0.07683516976826915,0.03121016380179706,0.05900108906430113
0.22017041101055404,0.10255426158829911,0.13825467655802454,0.03225530603306339,0.08438869002065227,0.12194378037520975,0.10696729865499063,0.14430260914801263
0.08810013958331178,-0.012552104388133263,0.06634245401238492,0.06493319999531175,0.05997585624059549,-0.03603838804276864,0.0158127027401265,-0.026216892084967608
0.07376127908602395,0.0705985828519396,0.07053344635113408,0.0003561143581702342,0.03516305354191384,0.1309497996342557,0.11975749558811633,0.21271214932934035
0.08870400584913421,0.06638379614181636,0.11554983021131945,0.032811181537401216,0.10844417327458741,0.0832289452254034,0.06426184231663595,0.03659247187460793
-0.007481142333880253,-0.0012320515092297812,0.04881042404824994,0.036090288013800084,0.04794355302462606,0.026801009835386053,0.05734187043023056,0.034631330777535704
0.03802566306725108,0.08503417812655298,0.08673386274419487,0.028185445695740365,0.07752883176715691,0.15233573783183701,0.10253851218640084,0.2009200773040109
0.0404947291488155,0.04290843775629303,0.07706296005411249,0.03812566934374071,0.05795411178063471,0.018919608070655958,0.032893568637398285,-0.018555049019344502
0.12638301539238866,0.11829380577170664,0.135626811522231,0.05816898253038396,0.13551603277109986,0.15356574884607765,0.16101476037777196,0.14927553342316568
0.04651655882048061,-0.0008797894775421713,0.07563214066482203,0.01609263447142006,0.004311723243166157,0.033905715006294496,0.0106777984368151,-0.00022358669918547125
0.17743136609089716,0.10806082308836462,0.14811257330091648,0.06680300915661014,0.09224376307702695,0.14062403459282402,0.11095849804324875,0.06643712194402925
0.13089722651679975,0.12625528850432094,0.1160165015736433,0.042491841960502284,0.09072047862694416,0.15627039828700717,0.10414033427450306,0.1574917499475833
0.004797620706873555,0.06683686223968976,0.06531764405491584,0.030605367402591174,0.027044940179813896,0.13500405835127405,0.08229588454481665,0.12940574183866768
0.2991535286207132,0.15526107184318014,0.2356255143392566,0.03354996383629502,0.09176282130824709,0.18590302391484653,0.1162567911938169,0.11808526261323612
-0.15280339095053108,0.015269618007014693,0.030592805966921252,0.021283243056596457,0.056703241916488664,-0.015375135114165467,0.06006494542179411,0.057915235028878194
0.042791691510448114,-0.004300909411985944,0.07790818612078476,0.02315067531975618,0.058999430852040576,-0.04734771990919941,0.0509173704641143,0.025884110176230712
0.21943593887120938,0.07945175356306582,0.17543920403315444,0.058260640756273865,0.08219948979511599,0.02457241240202418,0.09877512716931756,0.12688133619757164
0.09274794554863267,0.08672953211230389,0.08616931026235025,0.022092458871982627,0.08799843656042305,0.05286609970739904,0.08939557005627338,0.056620170070899874
-0.020904475190944793,0.055256967402134635,0.06136878839309464,0.038829834902197526,0.05236256808759763,0.0786809042337969,0.11642486733091083,0.11938570676104336
0.20872044724136316,0.05897781418098013,0.1288612993663803,0.06998731991583755,0.04689051504635066,0.13113579369131453,0.0672509637111875,0.09385293348462087
0.07227262845266581,0.029311009881709288,0.06527953791764662,0.02623917908839484,0.005957921458697231,0.05191412813024307,0.03634009414327513,-0.009304149488207389
-0.005076268308576881,0.056394620234879324,0.10213448198539853,0.055084876067138175,0.12001281939469047,0.050596832976128374,0.13430951638841881,0.13852934339633197
0.004949496310932375,0.03788901901322308,0.08173056389415168,0.02223900759178922,0.0773436536948569,0.05408254312697075,0.05134559461077326,0.08687964524923637
0.06711699835505089,0.04723046376853626,0.08814772813130958,0.050961270308435225,0.06937906490013218,-0.006361657894579362,0.05283677686000239,0.026017130173008537
0.17540454717413845,0.04576094303960277,0.12968101616510944,0.03559258013843466,0.05017594918118773,0.062430343406990954,0.045693408308612675,-0.01284089083071975
0.07135350590374887,0.02619691000617385,0.06703171256440962,0.04966566551650392,0.04967210131900713,0.006077500752143167,0.035658816446731016,0.010701470974931501
-0.058296774248801794,-0.061296909310888346,0.06142680636414331,0.04301424775982737,0.020223323091981903,-0.05800608046357508,-0.004067577819033441,-0.10706975461476588
0.136314384146668,0.0883831448288552,0.09343137163633564,0.04958002289513215,0.04123467297400244,0.15089777324143439,0.09534755362750429,0.1643629566312998
0.019598640861460084,0.04381203357272431,0.07689135270174666,0.04536959990944396,0.048865736679838956,0.0666505678401661,0.024804085569330628,0.0898023769796613
0.24307117255949168,0.08745674163156501,0.17624176135946718,0.06268035947568285,0.06023087005713728,0.09877705167202913,0.09941123133334777,0.01647487820594365
0.1107973356847318,0.019980432420885354,0.08893979060206211,0.026513078885279755,0.06679374718835923,0.024719429763698585,0.059792561860308735,0.10661865641353464
0.19569233929844032,0.14428051791833157,0.17285742816630947,0.03736075448851912,0.0905873709739676,0.12292090685230586,0.1324264935025146,0.1545706717673847
0.0415197438356013,0.10127410925427441,0.09653727752905528,0.06700576136308847,0.08292284376159151,0.06366500776332135,0.14306732160882465,0.11634922999394778
0.08288397796876878,0.07914011159979087,0.0745645506105985,0.04428855191507097,0.08558288030815303,0.1064300712985852,0.15128845191695608,0.17470535003603654
0.2607564310297872,0.07905135173107197,0.15693133999012304,0.020043502553854873,0.07012909568502768,0.04858941353570335,0.09942725249754022,0.03527510196721971
0.07245136249627365,0.009282974169718398,0.07356729136757992,0.016630324830079445,0.0039882761972321115,-0.03956640752419355,0.01591235560045049,-0.017535778013330713
0.05820782352274298,0.09773693441459638,0.07495214340086895,0.04084011819305158,0.08274698932676448,0.13091386860893134,0.13511484678338465,0.18006886373537595
0.04257464799777756,0.060198054384452304,0.042031701969322044,0.031292950719504865,0.021946911265032294,0.07173629191879627,0.06541469494632503,0.027459566818023806
0.18570327250077528,0.12194945775380792,0.11727307835444774,0.05547735877164076,0.07328559507376708,0.15597991848222453,0.06993524386263894,0.12198844018051028
0.07688965394350641,0.11293303605166988,0.08396421438509816,0.014904456802072273,0.0261838438167929,0.17633202411321072,0.10065954736501834,0.16375727049110267
0.1055953305080585,0.05641252857103383,0.12770749898724632,0.040054302263545685,0.06376921090909081,0.06065318739103857,0.06934410882130909,0.16169664083867086
-0.10512542651251244,-0.015407276505138824,0.051694971812759935,0.022399420420500124,0.027904072994172475,-0.022703893448259585,0.0338652946340668,-8.551000673946707e-05
0.01964978110465563,0.009818686698882056,0.05273087850537525,0.0022848511588459477,0.02471457228659879,-0.018466699583532184,0.05109943991718543,0.020627675599623446
-0.046701709504258004,0.03617596783842482,0.08639173880614989,0.05171362957582923,0.09987736531512412,0.032124309615136494,0.12135006568673856,0.11412869036180928
-0.06623094541496655,-0.021069439676864386,0.021724415552524162,0.0006658199176090215,0.009735536114218284,-0.08565839943355127,-0.024204440819229595,-0.09936617625840656
0.11096362200586445,0.10093256433445877,0.09510016924608714,0.03643201273252674,0.06591258479689666,0.18435415215783746,0.10253696113108685,0.1421698157062893
0.10424915134630773,0.08206717093107338,0.11496059319583848,0.061769581049681783,0.09261345315367392,0.074903644469072,0.092042907033521,0.0951708417584929
-0.023602672746070225,0.026038875714744177,0.04310888224841439,0.05872091916466094,0.06678386719792455,0.01829857492894485,0.06434010892508574,0.0018469643450755024
0.11232077629406195,0.08989679069965595,0.1331544290485281,0.043081375810792494,0.08189925978398721,0.13534538752217606,0.15280868918876225,0.15263735220629526
0.04475927158001809,-0.03583455377469077,0.07475995939212723,0.04364688320081877,0.04465498332204066,-0.08269125936498886,0.023370567661501793,-0.043392956619346654
0.14459025177901286,0.07426179785655856,0.07024307283347764,0.045504238760885676,0.04561211567920653,0.09558587139910388,0.02230308985889959,0.12399744072773947
0.13016140885494631,0.0786980558039311,0.09640637461556921,0.02751094141887625,0.047678362713377095,0.05744675804674319,0.04527008353856769,0.15398545431022165
0.220378108062901,0.12791035869681072,0.2008471708367477,0.0530041847510778,0.09172358602226471,0.21064048428369236,0.17457924225291577,0.22780227138906128
0.12363475160316642,0.03387351329884413,0.1116802853155559,0.024469070971188504,0.05237083911998338,0.06924317679625822,0.025087077165394225,-0.0008549400362314746
-0.06228706825650901,0.05970005527632536,0.06273209613691645,0.03901701124885728,0.10433693395039229,0.0831534230118829,0.05973577151201018,0.16164517151883412
-0.1109637037144956,-0.0037501443361466352,-0.02566035344590681,0.014151490512130337,0.029785780362989803,0.0019396773233513048,0.03889916292222877,0.07261912916977925
0.010955260633227618,0.05543950416341612,0.09665505373433778,0.005799583673357971,0.04141072632751466,0.05215298328456955,0.08784328428514726,0.035567168773596135
-0.03214425715222721,0.02845240358585955,0.06689544829385355,0.022092123638426654,0.06793492126177222,0.04690614846836779,0.0934551728609353,0.07897016349988874
-0.19238293661014166,-0.06303459218272986,-0.03556979007235546,0.03343896000814608,-0.0049737956434214164,-0.08230396102459075,-0.05674096975367583,-0.07490701936985751
0.05778405374647887,0.005325044187073712,0.023780982933408093,0.03868212085739661,0.055995756395577856,0.0034190845668296277,-0.004672244573338466,0.06552666560105803
0.05606898145546149,0.07811304600676808,0.03301350319232057,0.06251822602662913,0.06952785927904229,0.07892904972827691,0.017277472077188494,0.048683449656471395
0.01906254003108907,0.05944769509211055,0.0933836228703727,0.02810331514182758,0.0384749365635287,0.08725206060292337,0.08428182565987807,0.08271394028945897
0.20875663553013143,0.04289091458500001,0.1296274400017762,0.02668685302618755,0.04201977014961706,0.055750091166806376,0.030696601074920365,0.02808939856184267
0.1852709522918037,0.13489633987505625,0.1854805070939104,0.008641317954172917,0.0773653408172146,0.08972752284252486,0.11591723829145206,0.1708254304373738
0.1411427046806021,0.08624820962526834,0.17649218613924822,0.04288925980041711,0.07524637746812018,0.12914019625983422,0.14171438549363927,0.09496230520753624
0.14391590472270926,0.0356516588440971,0.0743392637419347,0.032694339001291345,0.04092770324513101,0.017924284479339414,0.0775239182175182,0.09090395194915776
0.028540927368415077,0.07100871139173204,0.049726492077561225,0.03893732523437593,0.0890333321733254,0.09577833103465455,0.09604524732863193,0.13990351146667956
0.12244283687370626,0.09941116842600362,0.1224184533292699,0.021689597359950574,0.055466195130413586,0.06568860391506845,0.04827743899959694,0.04805820055280008
-0.0027198623328721777,0.06434852138478409,0.05104753912712618,0.006283299637361017,0.07868117702432684,0.04366739054776378,0.09654250387406646,0.11821706246684055
-0.17349941315272094,0.01721630528453494,0.0015916768285583888,-0.0044781710884343184,0.06835069996114065,0.01325465660177344,0.0411900831090279,0.14021605059266362
0.16714846789988352,0.09703258662890965,0.12164355069052905,0.018584968766599718,0.019458231191768018,0.14085917971153789,0.16458399128488657,0.1447514330178728
0.04549872119820913,0.04415644389795435,0.04695416284583477,0.055290214449356265,0.06339419586138142,0.049777300538930494,0.05490025582150199,-0.0006902732263708439
0.0005136650461187303,0.04697896385273473,0.06743066048158514,-0.003800575559752127,0.02763243571412534,0.01016949983480648,0.014893245596605903,0.028171172063226044
0.08956914793807579,0.016737136213150143,0.12355073759471585,0.055096931922373325,0.08337515189738401,0.03598108882907436,0.08729306299035405,0.07015395184979778
0.10939402647732706,0.06062932535359006,0.08645502090353135,0.06240585082413691,0.025129087763494696,0.04453893340274536,0.0722569874607083,-0.00015221958545640069
-0.07006504098105393,0.03477846711824657,-0.012883125768236595,0.08063989174787196,0.05488360951437582,0.0989985932527033,0.025550306038596315,0.09329645630494546
0.08348524940965729,0.009125181030696747,0.05663865497857781,0.04966632438581786,0.07349966961282284,0.047327107176436976,0.0715813464514397,0.07081707185674002
0.08201835951923948,0.01672800620605515,0.0863131352994709,0.05241459153430046,0.03275990364016619,0.08931407877907599,0.05270844900931331,0.04376039940302569
0.07012298596551363,0.07013262708967725,0.16978537901798615,0.05186652334618916,0.049391014005515925,0.09330928396195423,0.13067900388392034,0.11745670489270196
0.09448082389257033,0.022720498873998914,0.05088368423017452,0.028930415038806955,0.0029486298377557688,0.02797787411797094,0.02773505593135435,0.03624065854372457
0.0813134528952425,0.04082670454966126,0.15137165626423577,0.027958745906518766,0.05189730968793627,0.02549376800031282,0.06432026469030411,0.06317383330092441
-0.13142350980939932,0.05556234534019917,-0.011267778215532445,0.037628861993356924,0.09840169240275816,0.008148562443784424,0.08114904994174069,0.020353051861550286
-0.019313880406824663,0.049947356979802134,0.06965276396460968,0.015354051313400272,0.0360061698804977,0.10928390638286165,0.11339640997601112,0.13940437919943696
0.06479161146095667,0.08075839051386086,0.11685372596063258,0.008715106946521986,0.018008779781137213,0.13556176086091637,0.09806014671853508,0.1110228500127905
0.2233307454188673,0.08734353510115836,0.16080858446496893,0.060889517653792545,0.10928467438826792,0.09828457606422233,0.13984579882553685,0.048071738975823716
0.0993569765447542,0.030608750868640476,0.0989563160406636,0.04515745703616582,0.02177501288139232,0.0021783938228035205,0.07672308305146416,0.00011999118401398445
0.2552896165088402,0.0985594971042105,0.17496706783103294,0.00872203666911342,0.0917738284961229,0.09527107967408556,0.10816147633871986,0.18161845906098428
0.14956307341569045,0.05265617961141424,0.07918783541688965,0.06455194360342459,0.009736553195688079,0.08953259557603756,0.05241705565797963,0.009911467252502207
0.032783503216802484,0.023273200422451838,0.036352894073851685,0.00815679846823178,0.024046633112303838,0.022691418819944686,0.09591863354117466,0.08567352198680944
0.06826289135044074,0.07929981064098378,0.08860608207109846,0.07135156008588876,0.07918351352941812,0.0466440834765917,0.08079334402293287,0.052824481303384865
0.20846892992476052,0.12052935676092455,0.14242399204956568,0.04702382122308683,0.047942923618785965,0.18428263410922108,0.09379595802666309,0.10842489409338746
-0.051984823651076456,0.024029049593599916,0.07149534169969096,0.05282091733840698,0.09230816741665379,0.041692241723000546,0.03576302991809323,0.08627889451474155
-0.019515751895852917,0.04725680568424269,0.045788833513931565,0.031749940126435054,0.07847289367605269,0.04205963997697258,0.049492949333774246,0.15558923085951082
-0.012231206127623045,0.03023826863548839,0.0628796466464304,0.020052284953491033,0.06144541392130225,0.026896476307229036,0.07563765710010197,0.09296397127278545
0.05674955356745036,0.029282078514339956,0.08310242823537836,0.024449051297743968,0.038655253169715464,0.05470781302779329,0.05307539718473206,0.08714611991764504
0.15912214188686463,0.021789074544745254,0.1160009044825609,0.07613474552454391,0.08371278062123075,0.01822276643467051,0.06921346912189189,0.008972483082535065
0.004296955620245485,-0.014036829008297773,0.01194086637165899,0.01872978653121171,-0.005434949314211873,0.0032733798899539923,-0.03921109197529504,-0.05828401296364964
-0.11744522333296531,0.03275849779723651,0.03418731906130813,0.03732359056416525,0.05088567594048012,0.10616938610873067,0.04952808372498243,0.12045516642932663
0.04226697515304129,0.05059139885930736,0.09559970139385471,0.03304087353779902,0.06551339854886196,0.01053900379873781,0.07795763099968414,0.042907868521004436
0.2236749401942286,0.06413152094406183,0.14606920865071907,0.04054865152500601,0.07187570504510303,0.0967142760137716,0.09180397850766824,0.15188934735501014
0.16876730671670342,0.0805371257410437,0.08882955366139127,0.030736574104413432,0.06626200332114449,0.06770208600241563,0.08126696832225438,0.10294431749255581
0.21902049342902302,0.1313100930445877,0.11907001510395827,0.08091275372368845,0.09395817285751557,0.1465159863876352,0.1671172767573514,0.1346418924614218
-0.03536848105130444,0.023802863656799823,0.052633042398974594,0.039109777892396225,0.07700193686446671,-0.00838656604870057,0.027204216882132252,0.052234800748897664
0.125315938217666,0.03617442337257615,0.0771995970225357,0.03536050974629975,0.03189371356448514,0.09832234653727046,0.08047710528917476,0.12041582061725087
0.03175502201757482,0.010161675158299112,0.1020806403981388,0.018745004174009795,0.0343242825805547,-0.0034061489391564587,0.03273214735214677,0.033712823097465414
-0.0681673459951242,0.10811445618905541,0.08321911502641331,0.02493967760102346,0.10114568596704698,0.15305370803079513,0.11498929517299877,0.18342109503023596
0.09178209589309712,0.0905535187130436,0.05439075023401893,0.005322822184580453,0.05955462341163032,0.10401409107829121,0.09731957074103562,0.11715081274615119
0.13376468399451097,0.11025403271443765,0.1087732459681113,0.05059053709282665,0.052785350642295656,0.13158131197687378,0.0978189741787904,0.08912423567180142
0.11800704263254218,0.08325809981783283,0.09975873784491232,0.05831074776100965,0.0353414598758936,0.10338054665081275,0.13576147046815443,0.061991966164200815
0.09988172313769089,0.07463043447599119,0.15485476806198772,0.007219550067406252,0.06349024124968065,0.14037712457398277,0.1336171828049776,0.15873147635671886
0.18355800711013132,0.08823501731829754,0.13832078749822269,0.04923844639257419,0.04693032027440344,0.15994117233152566,0.09586322195316843,0.12569304449312496
0.13018310426441682,0.0848756485104501,0.13859177078910478,0.0010219919268669789,0.05104322863523944,0.08781244027868663,0.1089980908599598,0.1509629045058835
0.062286742433631956,0.06415073315419703,0.03035336245235422,0.06055242930437394,0.06640183994818911,0.1247628344482753,0.07233292651962075,0.10122705056069048
-0.02461780379179193,0.08520737647006195,0.08671295168574458,0.01478988961694595,0.044754820802919024,0.14565243553091814,0.09953155784407501,0.1750767768651395
0.05543293505302292,-0.04179716622601463,0.0066775975776380975,0.020506309584211797,0.04776689140735134,-0.12057435544222411,-0.01830138428349988,-0.13218084452500073
0.21462049507120973,0.061661733019404384,0.13194530614109712,0.007972701567819006,0.057601477685023536,0.027137293990763686,0.0741724401428546,0.08831204907763025
-0.011737072506841056,0.021158415438645675,0.08938423579601822,0.04791487114350233,0.05858862632594568,0.05958299036348809,0.08239128951753288,0.07442608918145005
-0.0023276400711718936,0.0902217115126259,0.11558162011389543,0.03006589149100957,0.07954769258374086,0.1323769724624913,0.09234049432994235,0.15937158219121267
0.049283474341713845,0.042135959811032395,0.0671003834810756,0.049481423838960564,0.02607348000572194,0.06869258112996618,0.07885954229338149,0.05235281528107536
-0.0013111385736881975,0.05266812192086983,0.051842314276737855,0.0121544638749429,0.030525474282869464,0.06917870458847608,0.07516529335570193,0.12070047068722028
-0.039631380783682085,0.0648986373159959,0.06206830356430325,0.034761968193000814,0.03612975533834238,0.1136378830207492,0.09921747404336448,0.15191344668026274
-0.02126597106930403,0.03873707743599262,0.036358060309326215,0.03459255247690784,0.018742302541496718,0.0653021739910063,0.06759296041569576,0.1028901046715314
-0.05538217883520247,-0.0035139136109735916,0.04533798065181312,0.011093845388439036,0.05513377248824769,-0.0037876279522768425,-0.016959882597420622,0.023192422889105585
-0.07317722723838901,0.0023531957921511387,0.04868617603760416,0.011262169101965386,0.07534960760100703,0.01205550465117311,0.004780705008818095,0.009727676139413818
0.02938206781175689,0.08721717227942864,0.09098510558686645,0.04421654107067019,0.11146008698736382,0.12770050979298217,0.10217719806871556,0.1632868490337827
0.22383749203740977,0.06969390649780594,0.09870687699483682,0.0566654778018157,0.04660875420201264,0.0543939995326213,0.09118366575857163,0.060590279705386496
-0.08830224236678286,-0.014021543242783215,0.023673436657047624,0.013234854556907632,0.016791192896915857,0.031207868141776618,0.05425756930536289,-0.0029930456651311305
0.033038382415307765,0.027014942340994143,0.07763542785293781,0.043603377259616924,0.07110131059496076,0.03410044278035856,0.03243642992551922,0.047011621981172105
0.11865584933703895,0.04034748987191355,0.09632889466295345,0.02736591496965727,0.024893230550912988,0.06805735331837495,-0.01199869376149594,0.04354516841122363
