,Official mapped,Policy MVO,Ledoit-Wolf,Box Robust,Ellipsoid Robust,Michaud mean,Team scenario
국내주식,0.20799999999999999,0.21354984158697539,0.19967198559489033,0.20625112813716692,0.14984999999999987,0.20027696276592898,0.22
글로벌 선진국 DM,0.32751999999999998,0.20603015841302457,0.21990801440510977,0.21332887186283298,0.26973000000000019,0.25984426058007246,0.275
글로벌 신흥국 EM,0.028479999999999999,0.099899999999999989,0.099899999999999989,0.099899999999999906,0.099899999999999906,0.07746181916336262,0.065
국내 국채(초장기),0.21799999999999997,0.17982,0.17981999999999998,0.21630061873781318,0.24974999999999989,0.20056052657020024,0.205
글로벌 IG 크레딧,0.073999999999999996,0.11988000000000001,0.11988,0.11988,0.099900000000000003,0.10247735143494368,0.085
사모주식 PE/VC,0.047666666666666663,2.4259789491929415e-17,5.8190056514419506e-18,5.818319309562e-18,0.0,0.019963309275944386,0.03
실물 인프라,0.047666666666666663,0.079920000000000033,0.079919999999999992,0.043439381262186786,0.099899999999999809,0.063382080214788972,0.065
사모대출 PD,0.047666666666666663,0.099899999999999989,0.099899999999999989,0.099899999999999989,0.029970000000000098,0.075033689994758447,0.054
단기자금,0.001,0.001,0.001,0.001,0.001,0.001,0.001
